Pattern,Response
Hello,Hi there! How can I assist you today?
How are you?,"I'm just a bot, but I'm here and ready to help!"
Whats your name?,I'm ChatGPT! What's yours?
Tell me a joke,Why don't scientists trust atoms? Because they make up everything!
What is AI?,"AI stands for artificial intelligence, which allows machines to mimic human intelligence."
Who is the president of the USA?,Let me check the latest information for you.
What's the weather like today?,I can fetch the latest weather details for your location.
Define quantum physics,"Quantum physics studies the behavior of particles at the smallest scales, like atoms and photons."
"Translate ""hello"" to French","""Hello"" in French is ""Bonjour."""
What's the capital of Japan?,The capital of Japan is Tokyo.
How do I cook pasta?,"Boil water, add pasta, cook for 8-12 minutes, drain, and serve!"
Tell me a fun fact,Did you know octopuses have three hearts?
How many planets are there in our solar system?,There are eight planets in our solar system.
Convert 10 miles to kilometers,10 miles is approximately 16.09 kilometers.
What is 25 + 50?,25 + 50 equals 75.
What is the meaning of life?,"The meaning of life is subjective, but many say it's about happiness and purpose."
"Who wrote ""Romeo and Juliet""?",William Shakespeare.
Recommend a good book,"If you like sci-fi, try Dune by Frank Herbert!"
How do I start a business?,"First, identify a market need, create a plan, and start small."
What is the speed of light?,"The speed of light is about 299,792,458 meters per second."
Can you sing?,"I can't sing, but I can generate song lyrics for you!"
Who won the last FIFA World Cup?,Let me check the latest FIFA World Cup winner for you.
How do I improve my memory?,"Practice recall, use mnemonics, and get enough sleep."
Why is the sky blue?,Because of the way Earth's atmosphere scatters sunlight.
Tell me about black holes,Black holes are regions in space where gravity is so strong that nothing can escape.
Who invented the telephone?,Alexander Graham Bell.
What's 100 divided by 4?,100 divided by 4 equals 25.
What's your favorite color?,"I don't have preferences, but many people like blue!"
How do I learn programming?,"Start with Python, it's beginner-friendly!"
Tell me a horror story,Sure! Here's a short eerie tale…
What is blockchain?,Blockchain is a decentralized digital ledger used for transactions.
How do I meditate?,"Find a quiet space, close your eyes, and focus on your breath."
How can I lose weight?,"Eat healthy, exercise regularly, and stay consistent."
What's the best movie of all time?,That's subjective! Many say The Godfather.
How does Wi-Fi work?,Wi-Fi uses radio waves to transmit data wirelessly.
What's the biggest ocean?,The Pacific Ocean.
What's 5 to the power of 3?,5³ = 125.
Tell me a riddle,What has hands but can't clap? A clock!
How do airplanes fly?,Lift is created by air moving over the wings.
Why do cats purr?,Cats purr to communicate contentment or self-heal.
What is dark matter?,Dark matter is an unseen substance that makes up most of the universe's mass.
Do aliens exist?,"No confirmed proof, but the universe is vast!"
What's the longest river?,The Nile is the longest river in the world.
Tell me about gravity,Gravity is the force that pulls objects toward each other.
How do I start investing?,"Learn about stocks, bonds, and index funds first."
What is an NFT?,A non-fungible token (NFT) is a unique digital asset stored on a blockchain.
How do I make money online?,"Options include freelancing, selling products, and affiliate marketing."
What's the tallest mountain?,Mount Everest is the tallest mountain.
How do I learn a new language?,"Practice daily, use apps like Duolingo, and immerse yourself."
Can you solve a Rubik's Cube?,I can guide you through solving one!
How do I write a resume?,"Keep it concise, highlight skills, and tailor it to the job."
How do I become more confident?,"Practice self-affirmation, set goals, and step out of your comfort zone."
What's the best way to study?,Use active recall and spaced repetition.
What are the signs of dehydration?,"Dry mouth, dizziness, and dark urine."
Who discovered electricity?,"Benjamin Franklin experimented with it, but electricity existed before."
What is relativity?,Einstein's theory explains how time and space are linked.
How do I grow on social media?,"Post consistently, engage with followers, and provide value."
What's the healthiest diet?,A balanced diet with whole foods and minimal processed foods.
What is a black hole made of?,A singularity surrounded by an event horizon.
How do I stop procrastinating?,Break tasks into small steps and use the Pomodoro technique.
What causes climate change?,Greenhouse gases from burning fossil fuels.
What's the coldest place on Earth?,Antarctica.
How do I start a YouTube channel?,"Choose a niche, create content, and stay consistent."
What's the smallest country?,Vatican City.
Why do humans dream?,Theories suggest memory processing and emotional regulation.
What's the most spoken language?,English and Mandarin Chinese are among the most spoken.
How does a nuclear reactor work?,It uses nuclear fission to generate energy.
What are the symptoms of flu?,"Fever, cough, muscle aches, and fatigue."
Can fish drown?,"Yes, if water lacks oxygen or they can't move properly."
How do I become a millionaire?,"Save early, invest wisely, and create multiple income streams."
What is the Fibonacci sequence?,A sequence where each number is the sum of the previous two.
What's the hardest language to learn?,"Many say Mandarin, Arabic, or Japanese."
How do I bake a cake?,"Mix flour, sugar, eggs, and butter; bake at 350°F (175°C)."
Why do leaves change color?,Chlorophyll breaks down in the fall.
How long is a marathon?,26.2 miles or 42.2 kilometers.
